{"contradictory quote": {"0": {"precision": 0.9090909090909091, "recall": 0.7792207792207793, "f1-score": 0.8391608391608392, "support": 77}, "1": {"precision": 0.2916666666666667, "recall": 0.5384615384615384, "f1-score": 0.3783783783783784, "support": 13}, "accuracy": 0.7444444444444445, "macro avg": {"precision": 0.6003787878787878, "recall": 0.6588411588411589, "f1-score": 0.6087696087696088, "support": 90}, "weighted avg": {"precision": 0.8199074074074074, "recall": 0.7444444444444445, "f1-score": 0.7726033726033725, "support": 90}}, "exaggeration": {"0": {"precision": 0.8863636363636364, "recall": 0.5416666666666666, "f1-score": 0.6724137931034482, "support": 72}, "1": {"precision": 0.2826086956521739, "recall": 0.7222222222222222, "f1-score": 0.40625, "support": 18}, "accuracy": 0.5777777777777777, "macro avg": {"precision": 0.5844861660079052, "recall": 0.6319444444444444, "f1-score": 0.5393318965517241, "support": 90}, "weighted avg": {"precision": 0.7656126482213439, "recall": 0.5777777777777777, "f1-score": 0.6191810344827585, "support": 90}}, "quantitative data": {"0": {"precision": 0.9210526315789473, "recall": 0.546875, "f1-score": 0.6862745098039216, "support": 64}, "1": {"precision": 0.4423076923076923, "recall": 0.8846153846153846, "f1-score": 0.5897435897435898, "support": 26}, "accuracy": 0.6444444444444445, "macro avg": {"precision": 0.6816801619433198, "recall": 0.7157451923076923, "f1-score": 0.6380090497737556, "support": 90}, "weighted avg": {"precision": 0.7827485380116959, "recall": 0.6444444444444445, "f1-score": 0.6583877995642702, "support": 90}}, "evidence lacking": {"0": {"precision": 0.9253731343283582, "recall": 0.8611111111111112, "f1-score": 0.8920863309352519, "support": 72}, "1": {"precision": 0.5652173913043478, "recall": 0.7222222222222222, "f1-score": 0.6341463414634146, "support": 18}, "accuracy": 0.8333333333333334, "macro avg": {"precision": 0.7452952628163529, "recall": 0.7916666666666667, "f1-score": 0.7631163361993333, "support": 90}, "weighted avg": {"precision": 0.8533419857235562, "recall": 0.8333333333333334, "f1-score": 0.8404983330408846, "support": 90}}, "dubious reference": {"0": {"precision": 0.8717948717948718, "recall": 0.8831168831168831, "f1-score": 0.8774193548387098, "support": 77}, "1": {"precision": 0.25, "recall": 0.23076923076923078, "f1-score": 0.24000000000000002, "support": 13}, "accuracy": 0.7888888888888889, "macro avg": {"precision": 0.5608974358974359, "recall": 0.5569430569430569, "f1-score": 0.558709677419355, "support": 90}, "weighted avg": {"precision": 0.7819800569800569, "recall": 0.7888888888888889, "f1-score": 0.7853476702508962, "support": 90}}, "out of context": {"0": {"precision": 0.9692307692307692, "recall": 0.7241379310344828, "f1-score": 0.8289473684210527, "support": 87}, "1": {"precision": 0.04, "recall": 0.3333333333333333, "f1-score": 0.07142857142857142, "support": 3}, "accuracy": 0.7111111111111111, "macro avg": {"precision": 0.5046153846153846, "recall": 0.5287356321839081, "f1-score": 0.450187969924812, "support": 90}, "weighted avg": {"precision": 0.9382564102564104, "recall": 0.7111111111111111, "f1-score": 0.8036967418546365, "support": 90}}}