{"contradictory quote": {"0": {"precision": 0.8780487804878049, "recall": 0.935064935064935, "f1-score": 0.9056603773584906, "support": 77}, "1": {"precision": 0.375, "recall": 0.23076923076923078, "f1-score": 0.2857142857142857, "support": 13}, "accuracy": 0.8333333333333334, "macro avg": {"precision": 0.6265243902439024, "recall": 0.5829170829170829, "f1-score": 0.5956873315363882, "support": 90}, "weighted avg": {"precision": 0.8053861788617886, "recall": 0.8333333333333334, "f1-score": 0.8161126085654387, "support": 90}}}