{"contradictory quote": {"0": {"precision": 0.8888888888888888, "recall": 0.935064935064935, "f1-score": 0.9113924050632912, "support": 77}, "1": {"precision": 0.4444444444444444, "recall": 0.3076923076923077, "f1-score": 0.3636363636363637, "support": 13}, "accuracy": 0.8444444444444444, "macro avg": {"precision": 0.6666666666666666, "recall": 0.6213786213786214, "f1-score": 0.6375143843498274, "support": 90}, "weighted avg": {"precision": 0.8246913580246913, "recall": 0.8444444444444444, "f1-score": 0.8322720879682907, "support": 90}}, "exaggeration": {"0": {"precision": 0.9, "recall": 0.375, "f1-score": 0.5294117647058825, "support": 72}, "1": {"precision": 0.25, "recall": 0.8333333333333334, "f1-score": 0.3846153846153846, "support": 18}, "accuracy": 0.4666666666666667, "macro avg": {"precision": 0.575, "recall": 0.6041666666666667, "f1-score": 0.4570135746606335, "support": 90}, "weighted avg": {"precision": 0.77, "recall": 0.4666666666666667, "f1-score": 0.5004524886877828, "support": 90}}, "quantitative data": {"0": {"precision": 0.759493670886076, "recall": 0.9375, "f1-score": 0.8391608391608392, "support": 64}, "1": {"precision": 0.6363636363636364, "recall": 0.2692307692307692, "f1-score": 0.37837837837837834, "support": 26}, "accuracy": 0.7444444444444445, "macro avg": {"precision": 0.6979286536248561, "recall": 0.6033653846153846, "f1-score": 0.6087696087696087, "support": 90}, "weighted avg": {"precision": 0.7239227720240379, "recall": 0.7444444444444445, "f1-score": 0.7060459060459061, "support": 90}}}