{"contradictory quote": {"0": {"precision": 0.9242424242424242, "recall": 0.7922077922077922, "f1-score": 0.8531468531468532, "support": 77}, "1": {"precision": 0.3333333333333333, "recall": 0.6153846153846154, "f1-score": 0.43243243243243246, "support": 13}, "accuracy": 0.7666666666666667, "macro avg": {"precision": 0.6287878787878788, "recall": 0.7037962037962038, "f1-score": 0.6427896427896429, "support": 90}, "weighted avg": {"precision": 0.8388888888888887, "recall": 0.7666666666666667, "f1-score": 0.7923769923769924, "support": 90}}, "exaggeration": {"0": {"precision": 0.8863636363636364, "recall": 0.5416666666666666, "f1-score": 0.6724137931034482, "support": 72}, "1": {"precision": 0.2826086956521739, "recall": 0.7222222222222222, "f1-score": 0.40625, "support": 18}, "accuracy": 0.5777777777777777, "macro avg": {"precision": 0.5844861660079052, "recall": 0.6319444444444444, "f1-score": 0.5393318965517241, "support": 90}, "weighted avg": {"precision": 0.7656126482213439, "recall": 0.5777777777777777, "f1-score": 0.6191810344827585, "support": 90}}}