{"contradictory quote": {"0": {"precision": 0.9090909090909091, "recall": 0.7792207792207793, "f1-score": 0.8391608391608392, "support": 77}, "1": {"precision": 0.2916666666666667, "recall": 0.5384615384615384, "f1-score": 0.3783783783783784, "support": 13}, "accuracy": 0.7444444444444445, "macro avg": {"precision": 0.6003787878787878, "recall": 0.6588411588411589, "f1-score": 0.6087696087696088, "support": 90}, "weighted avg": {"precision": 0.8199074074074074, "recall": 0.7444444444444445, "f1-score": 0.7726033726033725, "support": 90}}}