{"contradictory quote": {"0": {"precision": 0.9242424242424242, "recall": 0.7922077922077922, "f1-score": 0.8531468531468532, "support": 77}, "1": {"precision": 0.3333333333333333, "recall": 0.6153846153846154, "f1-score": 0.43243243243243246, "support": 13}, "accuracy": 0.7666666666666667, "macro avg": {"precision": 0.6287878787878788, "recall": 0.7037962037962038, "f1-score": 0.6427896427896429, "support": 90}, "weighted avg": {"precision": 0.8388888888888887, "recall": 0.7666666666666667, "f1-score": 0.7923769923769924, "support": 90}}}