{"contradictory quote": {"0": {"precision": 0.8888888888888888, "recall": 0.935064935064935, "f1-score": 0.9113924050632912, "support": 77}, "1": {"precision": 0.4444444444444444, "recall": 0.3076923076923077, "f1-score": 0.3636363636363637, "support": 13}, "accuracy": 0.8444444444444444, "macro avg": {"precision": 0.6666666666666666, "recall": 0.6213786213786214, "f1-score": 0.6375143843498274, "support": 90}, "weighted avg": {"precision": 0.8246913580246913, "recall": 0.8444444444444444, "f1-score": 0.8322720879682907, "support": 90}}, "exaggeration": {"0": {"precision": 0.9, "recall": 0.375, "f1-score": 0.5294117647058825, "support": 72}, "1": {"precision": 0.25, "recall": 0.8333333333333334, "f1-score": 0.3846153846153846, "support": 18}, "accuracy": 0.4666666666666667, "macro avg": {"precision": 0.575, "recall": 0.6041666666666667, "f1-score": 0.4570135746606335, "support": 90}, "weighted avg": {"precision": 0.77, "recall": 0.4666666666666667, "f1-score": 0.5004524886877828, "support": 90}}, "quantitative data": {"0": {"precision": 0.759493670886076, "recall": 0.9375, "f1-score": 0.8391608391608392, "support": 64}, "1": {"precision": 0.6363636363636364, "recall": 0.2692307692307692, "f1-score": 0.37837837837837834, "support": 26}, "accuracy": 0.7444444444444445, "macro avg": {"precision": 0.6979286536248561, "recall": 0.6033653846153846, "f1-score": 0.6087696087696087, "support": 90}, "weighted avg": {"precision": 0.7239227720240379, "recall": 0.7444444444444445, "f1-score": 0.7060459060459061, "support": 90}}, "evidence lacking": {"0": {"precision": 0.8235294117647058, "recall": 0.9722222222222222, "f1-score": 0.89171974522293, "support": 72}, "1": {"precision": 0.6, "recall": 0.16666666666666666, "f1-score": 0.2608695652173913, "support": 18}, "accuracy": 0.8111111111111111, "macro avg": {"precision": 0.7117647058823529, "recall": 0.5694444444444444, "f1-score": 0.5762946552201607, "support": 90}, "weighted avg": {"precision": 0.7788235294117647, "recall": 0.8111111111111111, "f1-score": 0.7655497092218223, "support": 90}}, "dubious reference": {"0": {"precision": 0.8625, "recall": 0.8961038961038961, "f1-score": 0.8789808917197451, "support": 77}, "1": {"precision": 0.2, "recall": 0.15384615384615385, "f1-score": 0.17391304347826086, "support": 13}, "accuracy": 0.7888888888888889, "macro avg": {"precision": 0.53125, "recall": 0.5249750249750249, "f1-score": 0.526446967599003, "support": 90}, "weighted avg": {"precision": 0.7668055555555556, "recall": 0.7888888888888889, "f1-score": 0.7771377580848641, "support": 90}}, "out of context": {"0": {"precision": 0.9876543209876543, "recall": 0.9195402298850575, "f1-score": 0.9523809523809523, "support": 87}, "1": {"precision": 0.2222222222222222, "recall": 0.6666666666666666, "f1-score": 0.3333333333333333, "support": 3}, "accuracy": 0.9111111111111111, "macro avg": {"precision": 0.6049382716049383, "recall": 0.7931034482758621, "f1-score": 0.6428571428571428, "support": 90}, "weighted avg": {"precision": 0.9621399176954732, "recall": 0.9111111111111111, "f1-score": 0.9317460317460317, "support": 90}}, "qualitative data": {"0": {"precision": 0.8095238095238095, "recall": 0.2698412698412698, "f1-score": 0.40476190476190477, "support": 63}, "1": {"precision": 0.3333333333333333, "recall": 0.8518518518518519, "f1-score": 0.4791666666666667, "support": 27}, "accuracy": 0.4444444444444444, "macro avg": {"precision": 0.5714285714285714, "recall": 0.5608465608465608, "f1-score": 0.4419642857142857, "support": 90}, "weighted avg": {"precision": 0.6666666666666666, "recall": 0.4444444444444444, "f1-score": 0.4270833333333333, "support": 90}}}