{"contradictory quote": {"0": {"precision": 0.8780487804878049, "recall": 0.935064935064935, "f1-score": 0.9056603773584906, "support": 77}, "1": {"precision": 0.375, "recall": 0.23076923076923078, "f1-score": 0.2857142857142857, "support": 13}, "accuracy": 0.8333333333333334, "macro avg": {"precision": 0.6265243902439024, "recall": 0.5829170829170829, "f1-score": 0.5956873315363882, "support": 90}, "weighted avg": {"precision": 0.8053861788617886, "recall": 0.8333333333333334, "f1-score": 0.8161126085654387, "support": 90}}, "exaggeration": {"0": {"precision": 0.8448275862068966, "recall": 0.6805555555555556, "f1-score": 0.7538461538461538, "support": 72}, "1": {"precision": 0.28125, "recall": 0.5, "f1-score": 0.36, "support": 18}, "accuracy": 0.6444444444444445, "macro avg": {"precision": 0.5630387931034483, "recall": 0.5902777777777778, "f1-score": 0.5569230769230769, "support": 90}, "weighted avg": {"precision": 0.7321120689655173, "recall": 0.6444444444444445, "f1-score": 0.675076923076923, "support": 90}}}