{"contradictory quote": {"0": {"precision": 0.8765432098765432, "recall": 0.922077922077922, "f1-score": 0.8987341772151898, "support": 77}, "1": {"precision": 0.3333333333333333, "recall": 0.23076923076923078, "f1-score": 0.27272727272727276, "support": 13}, "accuracy": 0.8222222222222222, "macro avg": {"precision": 0.6049382716049383, "recall": 0.5764235764235764, "f1-score": 0.5857307249712312, "support": 90}, "weighted avg": {"precision": 0.7980795610425239, "recall": 0.8222222222222222, "f1-score": 0.8083109576780462, "support": 90}}, "exaggeration": {"0": {"precision": 0.8243243243243243, "recall": 0.8472222222222222, "f1-score": 0.8356164383561645, "support": 72}, "1": {"precision": 0.3125, "recall": 0.2777777777777778, "f1-score": 0.29411764705882354, "support": 18}, "accuracy": 0.7333333333333333, "macro avg": {"precision": 0.5684121621621622, "recall": 0.5625, "f1-score": 0.564867042707494, "support": 90}, "weighted avg": {"precision": 0.7219594594594595, "recall": 0.7333333333333333, "f1-score": 0.7273166800966964, "support": 90}}, "quantitative data": {"0": {"precision": 0.7666666666666667, "recall": 0.71875, "f1-score": 0.7419354838709677, "support": 64}, "1": {"precision": 0.4, "recall": 0.46153846153846156, "f1-score": 0.42857142857142855, "support": 26}, "accuracy": 0.6444444444444445, "macro avg": {"precision": 0.5833333333333334, "recall": 0.5901442307692308, "f1-score": 0.5852534562211982, "support": 90}, "weighted avg": {"precision": 0.6607407407407407, "recall": 0.6444444444444445, "f1-score": 0.6514080901177675, "support": 90}}}