{"contradictory quote": {"0": {"precision": 0.8765432098765432, "recall": 0.922077922077922, "f1-score": 0.8987341772151898, "support": 77}, "1": {"precision": 0.3333333333333333, "recall": 0.23076923076923078, "f1-score": 0.27272727272727276, "support": 13}, "accuracy": 0.8222222222222222, "macro avg": {"precision": 0.6049382716049383, "recall": 0.5764235764235764, "f1-score": 0.5857307249712312, "support": 90}, "weighted avg": {"precision": 0.7980795610425239, "recall": 0.8222222222222222, "f1-score": 0.8083109576780462, "support": 90}}}