{"contradictory quote": {"0": {"precision": 0.8850574712643678, "recall": 1.0, "f1-score": 0.9390243902439025, "support": 77}, "1": {"precision": 1.0, "recall": 0.23076923076923078, "f1-score": 0.375, "support": 13}, "accuracy": 0.8888888888888888, "macro avg": {"precision": 0.9425287356321839, "recall": 0.6153846153846154, "f1-score": 0.6570121951219512, "support": 90}, "weighted avg": {"precision": 0.9016602809706258, "recall": 0.8888888888888888, "f1-score": 0.8575542005420055, "support": 90}}, "exaggeration": {"0": {"precision": 0.8695652173913043, "recall": 0.8333333333333334, "f1-score": 0.851063829787234, "support": 72}, "1": {"precision": 0.42857142857142855, "recall": 0.5, "f1-score": 0.4615384615384615, "support": 18}, "accuracy": 0.7666666666666667, "macro avg": {"precision": 0.6490683229813664, "recall": 0.6666666666666667, "f1-score": 0.6563011456628478, "support": 90}, "weighted avg": {"precision": 0.7813664596273292, "recall": 0.7666666666666667, "f1-score": 0.7731587561374795, "support": 90}}, "quantitative data": {"0": {"precision": 0.8088235294117647, "recall": 0.859375, "f1-score": 0.8333333333333333, "support": 64}, "1": {"precision": 0.5909090909090909, "recall": 0.5, "f1-score": 0.5416666666666667, "support": 26}, "accuracy": 0.7555555555555555, "macro avg": {"precision": 0.6998663101604279, "recall": 0.6796875, "f1-score": 0.6875, "support": 90}, "weighted avg": {"precision": 0.7458704693998811, "recall": 0.7555555555555555, "f1-score": 0.749074074074074, "support": 90}}, "evidence lacking": {"0": {"precision": 0.9344262295081968, "recall": 0.7916666666666666, "f1-score": 0.8571428571428572, "support": 72}, "1": {"precision": 0.4827586206896552, "recall": 0.7777777777777778, "f1-score": 0.5957446808510638, "support": 18}, "accuracy": 0.7888888888888889, "macro avg": {"precision": 0.708592425098926, "recall": 0.7847222222222222, "f1-score": 0.7264437689969605, "support": 90}, "weighted avg": {"precision": 0.8440927077444884, "recall": 0.7888888888888889, "f1-score": 0.8048632218844987, "support": 90}}, "dubious reference": {"0": {"precision": 0.8735632183908046, "recall": 0.987012987012987, "f1-score": 0.9268292682926829, "support": 77}, "1": {"precision": 0.6666666666666666, "recall": 0.15384615384615385, "f1-score": 0.25, "support": 13}, "accuracy": 0.8666666666666667, "macro avg": {"precision": 0.7701149425287357, "recall": 0.5704295704295704, "f1-score": 0.5884146341463414, "support": 90}, "weighted avg": {"precision": 0.8436781609195404, "recall": 0.8666666666666667, "f1-score": 0.8290650406504064, "support": 90}}, "out of context": {"0": {"precision": 0.972972972972973, "recall": 0.8275862068965517, "f1-score": 0.8944099378881988, "support": 87}, "1": {"precision": 0.0625, "recall": 0.3333333333333333, "f1-score": 0.10526315789473684, "support": 3}, "accuracy": 0.8111111111111111, "macro avg": {"precision": 0.5177364864864865, "recall": 0.5804597701149425, "f1-score": 0.4998365478914678, "support": 90}, "weighted avg": {"precision": 0.942623873873874, "recall": 0.8111111111111111, "f1-score": 0.86810504522175, "support": 90}}, "qualitative data": {"0": {"precision": 0.796875, "recall": 0.8095238095238095, "f1-score": 0.8031496062992126, "support": 63}, "1": {"precision": 0.5384615384615384, "recall": 0.5185185185185185, "f1-score": 0.5283018867924528, "support": 27}, "accuracy": 0.7222222222222222, "macro avg": {"precision": 0.6676682692307692, "recall": 0.664021164021164, "f1-score": 0.6657257465458327, "support": 90}, "weighted avg": {"precision": 0.7193509615384615, "recall": 0.7222222222222222, "f1-score": 0.7206952904471846, "support": 90}}}