{"contradictory quote": {"0": {"precision": 0.9012345679012346, "recall": 0.948051948051948, "f1-score": 0.9240506329113924, "support": 77}, "1": {"precision": 0.5555555555555556, "recall": 0.38461538461538464, "f1-score": 0.4545454545454546, "support": 13}, "accuracy": 0.8666666666666667, "macro avg": {"precision": 0.7283950617283951, "recall": 0.6663336663336663, "f1-score": 0.6892980437284235, "support": 90}, "weighted avg": {"precision": 0.8513031550068588, "recall": 0.8666666666666667, "f1-score": 0.8562332182585348, "support": 90}}, "exaggeration": {"0": {"precision": 0.9019607843137255, "recall": 0.6388888888888888, "f1-score": 0.7479674796747967, "support": 72}, "1": {"precision": 0.3333333333333333, "recall": 0.7222222222222222, "f1-score": 0.45614035087719296, "support": 18}, "accuracy": 0.6555555555555556, "macro avg": {"precision": 0.6176470588235294, "recall": 0.6805555555555556, "f1-score": 0.6020539152759948, "support": 90}, "weighted avg": {"precision": 0.788235294117647, "recall": 0.6555555555555556, "f1-score": 0.689602053915276, "support": 90}}, "quantitative data": {"0": {"precision": 0.8153846153846154, "recall": 0.828125, "f1-score": 0.8217054263565892, "support": 64}, "1": {"precision": 0.56, "recall": 0.5384615384615384, "f1-score": 0.5490196078431373, "support": 26}, "accuracy": 0.7444444444444445, "macro avg": {"precision": 0.6876923076923077, "recall": 0.6832932692307692, "f1-score": 0.6853625170998632, "support": 90}, "weighted avg": {"precision": 0.7416068376068377, "recall": 0.7444444444444445, "f1-score": 0.7429295232304808, "support": 90}}, "evidence lacking": {"0": {"precision": 0.9402985074626866, "recall": 0.875, "f1-score": 0.9064748201438849, "support": 72}, "1": {"precision": 0.6086956521739131, "recall": 0.7777777777777778, "f1-score": 0.6829268292682927, "support": 18}, "accuracy": 0.8555555555555555, "macro avg": {"precision": 0.7744970798182998, "recall": 0.8263888888888888, "f1-score": 0.7947008247060888, "support": 90}, "weighted avg": {"precision": 0.873977936404932, "recall": 0.8555555555555555, "f1-score": 0.8617652219687666, "support": 90}}, "dubious reference": {"0": {"precision": 0.875, "recall": 0.9090909090909091, "f1-score": 0.8917197452229298, "support": 77}, "1": {"precision": 0.3, "recall": 0.23076923076923078, "f1-score": 0.2608695652173913, "support": 13}, "accuracy": 0.8111111111111111, "macro avg": {"precision": 0.5875, "recall": 0.5699300699300699, "f1-score": 0.5762946552201605, "support": 90}, "weighted avg": {"precision": 0.7919444444444446, "recall": 0.8111111111111111, "f1-score": 0.8005969414443521, "support": 90}}}