{"contradictory quote": {"0": {"precision": 0.9012345679012346, "recall": 0.948051948051948, "f1-score": 0.9240506329113924, "support": 77}, "1": {"precision": 0.5555555555555556, "recall": 0.38461538461538464, "f1-score": 0.4545454545454546, "support": 13}, "accuracy": 0.8666666666666667, "macro avg": {"precision": 0.7283950617283951, "recall": 0.6663336663336663, "f1-score": 0.6892980437284235, "support": 90}, "weighted avg": {"precision": 0.8513031550068588, "recall": 0.8666666666666667, "f1-score": 0.8562332182585348, "support": 90}}}