{"contradictory quote": {"0": {"precision": 0.8850574712643678, "recall": 1.0, "f1-score": 0.9390243902439025, "support": 77}, "1": {"precision": 1.0, "recall": 0.23076923076923078, "f1-score": 0.375, "support": 13}, "accuracy": 0.8888888888888888, "macro avg": {"precision": 0.9425287356321839, "recall": 0.6153846153846154, "f1-score": 0.6570121951219512, "support": 90}, "weighted avg": {"precision": 0.9016602809706258, "recall": 0.8888888888888888, "f1-score": 0.8575542005420055, "support": 90}}, "exaggeration": {"0": {"precision": 0.8695652173913043, "recall": 0.8333333333333334, "f1-score": 0.851063829787234, "support": 72}, "1": {"precision": 0.42857142857142855, "recall": 0.5, "f1-score": 0.4615384615384615, "support": 18}, "accuracy": 0.7666666666666667, "macro avg": {"precision": 0.6490683229813664, "recall": 0.6666666666666667, "f1-score": 0.6563011456628478, "support": 90}, "weighted avg": {"precision": 0.7813664596273292, "recall": 0.7666666666666667, "f1-score": 0.7731587561374795, "support": 90}}}