{"contradictory quote": {"0": {"precision": 0.8780487804878049, "recall": 0.935064935064935, "f1-score": 0.9056603773584906, "support": 77}, "1": {"precision": 0.375, "recall": 0.23076923076923078, "f1-score": 0.2857142857142857, "support": 13}, "accuracy": 0.8333333333333334, "macro avg": {"precision": 0.6265243902439024, "recall": 0.5829170829170829, "f1-score": 0.5956873315363882, "support": 90}, "weighted avg": {"precision": 0.8053861788617886, "recall": 0.8333333333333334, "f1-score": 0.8161126085654387, "support": 90}}, "exaggeration": {"0": {"precision": 0.8448275862068966, "recall": 0.6805555555555556, "f1-score": 0.7538461538461538, "support": 72}, "1": {"precision": 0.28125, "recall": 0.5, "f1-score": 0.36, "support": 18}, "accuracy": 0.6444444444444445, "macro avg": {"precision": 0.5630387931034483, "recall": 0.5902777777777778, "f1-score": 0.5569230769230769, "support": 90}, "weighted avg": {"precision": 0.7321120689655173, "recall": 0.6444444444444445, "f1-score": 0.675076923076923, "support": 90}}, "quantitative data": {"0": {"precision": 0.7916666666666666, "recall": 0.890625, "f1-score": 0.8382352941176471, "support": 64}, "1": {"precision": 0.6111111111111112, "recall": 0.4230769230769231, "f1-score": 0.5, "support": 26}, "accuracy": 0.7555555555555555, "macro avg": {"precision": 0.7013888888888888, "recall": 0.6568509615384616, "f1-score": 0.6691176470588236, "support": 90}, "weighted avg": {"precision": 0.7395061728395061, "recall": 0.7555555555555555, "f1-score": 0.7405228758169936, "support": 90}}, "evidence lacking": {"0": {"precision": 0.8765432098765432, "recall": 0.9861111111111112, "f1-score": 0.9281045751633987, "support": 72}, "1": {"precision": 0.8888888888888888, "recall": 0.4444444444444444, "f1-score": 0.5925925925925926, "support": 18}, "accuracy": 0.8777777777777778, "macro avg": {"precision": 0.882716049382716, "recall": 0.7152777777777778, "f1-score": 0.7603485838779956, "support": 90}, "weighted avg": {"precision": 0.8790123456790124, "recall": 0.8777777777777778, "f1-score": 0.8610021786492376, "support": 90}}}