{"contradictory quote": {"0": {"precision": 0.8850574712643678, "recall": 1.0, "f1-score": 0.9390243902439025, "support": 77}, "1": {"precision": 1.0, "recall": 0.23076923076923078, "f1-score": 0.375, "support": 13}, "accuracy": 0.8888888888888888, "macro avg": {"precision": 0.9425287356321839, "recall": 0.6153846153846154, "f1-score": 0.6570121951219512, "support": 90}, "weighted avg": {"precision": 0.9016602809706258, "recall": 0.8888888888888888, "f1-score": 0.8575542005420055, "support": 90}}}